restaurant_name,id,attributes
T-Loc's Sonora Hot Dogs,puse310xumoKI0WMHNXnRA,"['Takes Reservations', 'Offers Delivery', 'Offers Takeout', 'Masks required']"
Veracruz All Natural,5OAi35OianJzCnIsL8aOFQ,"['Offers Delivery', 'Offers Takeout', 'Masks required', 'No Reservations']"
Granny's Tacos,5fI9ZzqzRLnMNYoTMjUGGQ,"['Masks required', 'Many Vegetarian Options', 'Accepts Credit Cards', 'No Reservations']"
Juan In A Million,bJbJyH6sZeltbBIbe32R8g,"['Heath Score: 90 out of 100', 'Offers Delivery', 'Offers Takeout', 'No Reservations']"
Tacodeli,-qjkQHH-5O8BAztc6udOuw,"['Heath Score: 87 out of 100', 'Offers Delivery', 'Offers Takeout', 'No Reservations']"
Eldorado Cafe,wQ8XK2NJAL2csx_LmZfz4g,"['Heath Score: 90 out of 100', 'Takes Reservations', 'Offers Delivery', 'Offers Takeout']"
Suerte,KIHoGUfCOLhBFQVSAN4QSg,"['Heath Score: 86 out of 100', 'Takes Reservations', 'Offers Takeout', 'No Delivery']"
Cabo Bob's Burritos,VV0Vx8HUXdZwuQ7dLBnyag,"['Heath Score: 86 out of 100', 'Offers Takeout', 'No Reservations', 'No Delivery']"
Cabo Bob's Burritos,-Ce8p148xb0-4dv_3zwm3A,"['Heath Score: 93 out of 100', 'Offers Takeout', 'No Reservations', 'No Delivery']"
El Alma,acMhW2yiFCNU6PoGiHxvPQ,"['Heath Score: 85 out of 100', 'Takes Reservations', 'Offers Takeout', 'Vegan Options']"
Las Trancas,cYsillXIBTJzaxxC3-5wJg,"['Masks required', 'Staff wears masks', 'Many Vegetarian Options', 'No Reservations']"
Tacodeli,CgZfMVFv0ilEDZbH06apyA,"['Heath Score: 91 out of 100', 'Offers Delivery', 'Offers Takeout', 'No Reservations']"
Lazarus Brewing,C9QXRfi43sYP5lXkNGrM7A,"['Heath Score: 86 out of 100', 'Offers Delivery', 'Offers Takeout', 'No Reservations']"
FoodHeads,eUD2rCO5pfus19UN34Cgzw,"['Heath Score: 87 out of 100', 'Offers Delivery', 'Offers Takeout', 'No Reservations']"
Fonda San Miguel,z4fQL2IHUR4ENonH7A_9tQ,"['Takes Reservations', 'Offers Takeout', 'Staff wears masks', 'No Delivery']"
Tacodeli,H1yyjI2UiWD78WKKYwdiSw,"['Heath Score: 90 out of 100', 'Offers Delivery', 'Offers Takeout', 'No Reservations']"
Chuy's,_V-VpV5AWREqop5b3hV8Hw,"['Heath Score: 82 out of 100', 'Offers Delivery', 'Offers Takeout', 'No Reservations']"
Torchy's Tacos,10dR2YozAl0Tiwt0FnBMng,"['Heath Score: 90 out of 100', 'Offers Delivery', 'Offers Takeout', 'No Reservations']"
Taco Joint,g6B2TZYS7JKKpNWPwVnwqw,"['Takes Reservations', 'Offers Delivery', 'Offers Takeout', 'Masks required']"
Pueblo Viejo,Qn375GaXRU_6OCcD2z_uSw,"['Heath Score: 86 out of 100', 'Offers Takeout', 'Masks required', 'No Reservations']"
Taco Joint,V8B1lqK7IXULiOe-zuIpMw,"['Heath Score: 85 out of 100', 'Offers Takeout', 'Vegan Options', 'No Reservations']"
Habanero Mexican Cafe,PBfFmFy8C0WOtpHF_frVWA,"['Heath Score: 92 out of 100', 'Offers Delivery', 'Offers Takeout', 'No Reservations']"
Torchy's Tacos,XjC5H-uKRrsctioXxuCMQQ,"['Heath Score: 84 out of 100', 'Offers Delivery', 'Offers Takeout', 'No Reservations']"
Papalote Taco House,omzxJo2aWruaJo_82xTfkA,"['Heath Score: 90 out of 100', 'Offers Delivery', 'Offers Takeout', 'No Reservations']"
Licha's Cantina,fAw1VGWzFWGUVQRWWUZLwQ,"['Heath Score: 82 out of 100', 'Offers Takeout', 'Masks required', 'No Reservations']"
Velvet Taco,gvpoFnaCq2J7TBXV7yFIkQ,"['Heath Score: 73 out of 100', 'Offers Delivery', 'Offers Takeout', 'No Reservations']"
Bennu Coffee,gXip--EE80jF-sqdk5Aghw,"['Heath Score: 96 out of 100', 'Offers Delivery', 'Offers Takeout', 'No Reservations']"
ATX Cocina,hpttZ0nryCCmV1hxwN3ZGg,"['Heath Score: 90 out of 100', 'Takes Reservations', 'Offers Delivery', 'Offers Takeout']"
Hula Hut,aq0aE997rfi6NMTuTcoyNQ,"['Heath Score: 70 out of 100', 'Offers Delivery', 'Offers Takeout', 'No Reservations']"
Velvet Taco,JfSFcZjRfUKpjSq9s42jYA,"['Heath Score: 75 out of 100', 'Offers Delivery', 'Offers Takeout', 'No Reservations']"
El Tacorrido,8FDt0a8jrJE8ClZuum8lUw,"['Heath Score: 89 out of 100', 'Offers Delivery', 'Offers Takeout', 'No Reservations']"
Matt's El Rancho,AKmD2-SgVaHAltP8lLzavA,"['Heath Score: 90 out of 100', 'Offers Delivery', 'Offers Takeout', 'No Reservations']"
Radio Coffee & Beer,VLh3Hn6FSaqDr5WXFge6Eg,"['Heath Score: 97 out of 100', 'Offers Takeout', 'No Reservations', 'No Delivery']"
Tyson's Tacos,jUiS3w1HX6qhEzNduA3oVw,"['Heath Score: 76 out of 100', 'Offers Delivery', 'Offers Takeout', 'No Reservations']"
Donut 7,emGEJND3abhpSw554D4xaw,"['Heath Score: 86 out of 100', 'Offers Delivery', 'Accepts Credit Cards', 'No Reservations']"
Paco's Tacos,xFhkWmQZA2RRBiLv0Y_mRA,"['Heath Score: 82 out of 100', 'Offers Delivery', 'Offers Takeout', 'No Reservations']"
El Primo,4CApB_GqrraGweVr1FZtfQ,"['Offers Takeout', 'Staff wears masks', 'Many Vegetarian Options', 'No Reservations']"
La Condesa,IhsJHBMamH3wrjOdZSYu5g,"['Heath Score: 89 out of 100', 'Takes Reservations', 'No Delivery', 'No Takeout']"
Azul Tequila,6IeiU0e8EhxO-MnVdkuUeg,"['Heath Score: 91 out of 100', 'Offers Delivery', 'Offers Takeout', 'Takes Reservations']"
Rosita's al Pastor,tHv6_4DKOV8sZnlvTrCN9Q,"['Heath Score: 80 out of 100', 'Offers Takeout', 'No Reservations', 'No Delivery']"
Gabriela's Downtown,#NAME?,"['Heath Score: 86 out of 100', 'Offers Takeout', 'No Reservations', 'No Delivery']"
Mi Tradición,5AJevayxjC9a8poECTCCWg,"['Offers Delivery', 'Offers Takeout', 'Masks required', 'No Reservations']"
Curra's Grill,#NAME?,"['Heath Score: 94 out of 100', 'Offers Delivery', 'Offers Takeout', 'No Reservations']"
Comedor,TSKMu1M0HAFoPvCZuJxx1w,"['Heath Score: 87 out of 100', 'Takes Reservations', 'Staff wears masks', 'Pescatarian Options']"
La Cocina de Consuelo,1mgAhLHRWJjJkJ2GbwrWUA,"['Heath Score: 94 out of 100', 'Offers Takeout', 'No Reservations', 'No Delivery']"
Torchy's Tacos,bwuSbB0PyXHDHHj6PA_QiQ,"['Heath Score: 86 out of 100', 'Offers Delivery', 'Offers Takeout', 'No Reservations']"
Z'Tejas - Austin 6 STREET,pp73b2zGEwRbwSgYYvB2Dg,"['Heath Score: 57 out of 100', 'Takes Reservations', 'Offers Delivery', 'Offers Takeout']"
Cuantos Tacos,IHVluPs_KKEIqX2UUFQDYg,"['Offers Delivery', 'Offers Takeout', 'Accepts Credit Cards', 'Outdoor Seating']"
Taco More,i-uz0Hv4kttlmb15iJRvNg,"['Heath Score: 96 out of 100', 'Offers Delivery', 'Offers Takeout', 'No Reservations']"
Torchy's Tacos,KJKGptN6mhZarT2SNGI1Kw,"['Heath Score: 92 out of 100', 'Offers Delivery', 'Offers Takeout', 'No Reservations']"
Nixta Taqueria,FCDU2f5YXSa0F5cxoMcA8Q,"['Heath Score: 87 out of 100', 'Offers Delivery', 'Offers Takeout', 'No Reservations']"
Con Madre Kitchen,AFmmjtNuVfEyP_BMmrcOtg,"['Offers Delivery', 'Offers Takeout', 'All staff fully vaccinated', 'No Reservations']"
Vaquero Taquero,FWppPI6i6GJ1EXtT7U3G4Q,"['Heath Score: 85 out of 100', 'Offers Delivery', 'Offers Takeout', 'No Reservations']"
Burrito Factory,CfXB2vQ0_wLzwhVUpkj-XA,"['Heath Score: 82 out of 100', 'Offers Takeout', 'No Reservations', 'No Delivery']"
La Tunita 512,gXlrgQkkdCc9iESuRlN_Uw,"['Offers Delivery', 'Masks required', 'Accepts Credit Cards', 'Outdoor Seating']"
Tacos Guerrero,MiRr3aHDWpryg7YZC30hkg,"['Offers Takeout', 'Many Vegetarian Options', 'No Reservations', 'No Delivery']"
Güero's Taco Bar,B-iYNDpW71lySdtDKoX0nQ,"['Heath Score: 92 out of 100', 'Offers Delivery', 'Offers Takeout', 'No Reservations']"
Polvos South,RKJq9UPMQhVoRMtnPdhiWw,"['Takes Reservations', 'Offers Delivery', 'Offers Takeout', 'Masks required']"
Joe's Bakery & Coffee Shop,GHo8JLtFJfIM-uhk8bRXZw,"['Heath Score: 95 out of 100', 'Offers Takeout', 'No Reservations', 'No Delivery']"
Taco Flats,HnyCxHXrCuZnlemW_1FrKw,"['Heath Score: 80 out of 100', 'Offers Delivery', 'Offers Takeout', 'No Reservations']"
Iron Cactus Mexican Restaurant and Margarita Bar,tO3jMM7UApHkj6LtG0Rgng,"['Heath Score: 81 out of 100', 'Offers Takeout', 'Staff wears masks', 'No Reservations']"
Torchy's Tacos,irXjl1l2cMSI6k027jUpjg,"['Heath Score: 95 out of 100', 'Offers Delivery', 'Offers Takeout', 'No Reservations']"
Casa Chapala Mexican Cuisine & Tequila Bar,zM98ZSIJyuBQabyYornLpw,"['Heath Score: 82 out of 100', 'Takes Reservations', 'Offers Delivery', 'Offers Takeout']"
Julio's Café,digUTaXtbnaO9rL1oCfhHQ,"['Heath Score: 85 out of 100', 'Offers Delivery', 'Offers Takeout', 'No Reservations']"
Torchy's Tacos,7b7OOWYTm6bAzbFEWbV5Cg,"['Heath Score: 88 out of 100', 'Offers Delivery', 'Offers Takeout', 'No Reservations']"
Dos Batos,WnP9a3Lj_wszdSyJuhernA,"['Heath Score: 92 out of 100', 'Offers Delivery', 'Offers Takeout', 'No Reservations']"
Tacodeli,Ymr0gtRtsRZZwgxpIlr0Wg,"['Heath Score: 88 out of 100', 'Offers Delivery', 'Offers Takeout', 'No Reservations']"
De Nada Cantina,taRtJ8b4eEBm5mdT09IqFA,"['Heath Score: 85 out of 100', 'Takes Reservations', 'Offers Delivery', 'Offers Takeout']"
Torchy's Tacos,tt9gTrwhd_3v6AoQesEZmw,"['Heath Score: 90 out of 100', 'Offers Delivery', 'Offers Takeout', 'No Reservations']"
Paprika ATX,dxtcChjSodta7nx4_4QNZg,"['Offers Delivery', 'Offers Takeout', 'Masks required', 'Staff wears masks']"
Flavia's Kitchen,_Nb-nFJ0AWbDT0EtiKcdoA,"['Offers Delivery','Offers Takeout','No Reservations','Masks Required']"
ñoños tacos,knOY5Nt5GlmIxAadPlirvQ,"['Heath Score: 83 out of 100', 'Offers Delivery', 'Offers Takeout', 'No Reservations']"
Discada,kLLx0hlm7yyraE8EeT2-sQ,"['Offers Delivery', 'Offers Takeout', 'Many Vegetarian Options', 'No Reservations']"
Chuy's,k69jIL6VfzuIMmED_CEAkg,"['Heath Score: 89 out of 100', 'Offers Delivery', 'Offers Takeout', 'No Reservations']"
Tamale House East,irE73-NU8kJ35AvY-R9zig,"['Heath Score: 74 out of 100', 'Offers Delivery', 'Offers Takeout', 'No Reservations']"
Fresa's - South 1st,QT7_styx37g2-zwle0KhPw,"['Heath Score: 88 out of 100', 'Takes Reservations', 'Offers Delivery', 'Offers Takeout']"
El Borrego De Oro,e8oZY1y1DTCSlUh6-SzZZA,"['Heath Score: 70 out of 100', 'Offers Delivery', 'Vegan Options', 'No Reservations']"
Gloria’s Latin Cuisine,bXLfGGLx61eEjjL2iKkO3g,"['Heath Score: 70 out of 100', 'Offers Delivery', 'Offers Takeout', 'No Reservations']"
Veracruz All Natural,vuOfLg269Rr4-moMAidLqg,"['Offers Delivery', 'Offers Takeout', 'Masks required', 'No Reservations']"
El Taquito,5WzAkhu3JY7Eue1oyJFogg,"['Heath Score: 85 out of 100', 'Offers Takeout', 'Masks required', 'No Reservations']"
Hecho En Mexico,nvrOGHRDucxeNkplIikM2A,"['Heath Score: 82 out of 100', 'Takes Reservations', 'Offers Delivery', 'Offers Takeout']"
Nissi VegMex Vegan Mexican Cuisine,vptSlLUbi3Gp_NQ2VQ-VRA,"['Offers Delivery', 'Offers Takeout', 'Many Vegetarian Options', 'No Reservations']"
Austin Taco Project,00K-UTXqg9iDoMXB3QXh0A,"['Heath Score: 88 out of 100', 'Takes Reservations', 'Offers Takeout', 'No Delivery']"
Taquero Mucho,GrnS4hEW6smYaIe_KzDOWw,"['Heath Score: 86 out of 100', 'Offers Delivery', 'Masks required', 'No Reservations']"
Taco Pegaso,FmfWiim7h_DFeZ_lSS9M3g,"['Heath Score: 77 out of 100', 'Accepts Apple Pay']"
Pepe’s Tacos,ec6X_eh2wyzFLqHbApAsuw,"['Offers Takeout', 'Masks required', 'Staff wears masks', 'Accepts Apple Pay']"
Veracruz All Natural,WlVrMlMuDc133vhTUHgpRA,"['Heath Score: 97 out of 100', 'Offers Delivery', 'Offers Takeout', 'No Reservations']"
Baby Acapulco,8DaOKltvuqXnh8zPGC2MFQ,"['Heath Score: 91 out of 100', 'Takes Reservations', 'Offers Delivery', 'Offers Takeout']"
Tierra Linda Taqueria,nccYQ96JTx6bBCk1oFnBjQ,"['Heath Score: 97 out of 100', 'Offers Delivery', 'Offers Takeout', 'No Reservations']"
Lupe Tortilla,eaI6pjS8ZdSIgeOLlJhg-w,"['Heath Score: 85 out of 100', 'Offers Delivery', 'Offers Takeout', 'No Reservations']"
Ken's Subs Tacos & More,8tLzmoG8Dluy80_iULO-Xg,"['Heath Score: 96 out of 100', 'Offers Delivery', 'Offers Takeout', 'No Reservations']"
Las Abuelas,d27P-HGCTjuBL3fWjWl7IA,"['Offers Takeout','No Reservations','No Delivery','All staff fully vaccinated']"
Taco-Mex,qByK1e9R-4fWw9yXXzLTsg,"['Heath Score: 88 out of 100', 'Offers Delivery', 'Offers Takeout', 'No Reservations']"
El Chile Café Y Cantina,VXJR1VTskAKspL9G0Md1bA,"['Heath Score: 80 out of 100', 'Takes Reservations', 'Offers Delivery', 'Offers Takeout']"
Sabor Tapatio,X5gSjjYP4bgIUHTIVzOt1A,"['Offers Delivery', 'Offers Takeout', 'No Reservations', 'Masks required']"
Cisco's Restaurant Bakery & Bar,ZZTAiGThsHjZOfUF0zOzHA,"['Heath Score: 82 out of 100', 'Offers Delivery', 'Offers Takeout', 'No Reservations']"
Trippy Tacos,MxYFQxmLuIb-Vu278W5EMw,"['Offers Takeout', 'Vegan Options', 'No Reservations', 'No Delivery']"
Sazón,BOXmNc9VykHjj4bYZ4z2hQ,"['Heath Score: 90 out of 100', 'Offers Delivery', 'Offers Takeout', 'No Reservations']"
Yucatan Tacos And More,sWT6H8fs6EQnOkZ5CagfhA,"['Offers Delivery', 'Offers Takeout', 'No Reservations', 'Masks required']"
Simar Seafood Cocina,_dX5kPHrplgQOpk1hBE7mg,"['Heath Score: 81 out of 100', 'Takes Reservations', 'Offers Delivery', 'Offers Takeout']"
Vaquero's Grill,fXCceBAAZx30JEtcvA8tbQ,[]
Grizzelda's,TAWrdQ-Qh3QTa5BBAkL0hg,"['Heath Score: 92 out of 100', 'Takes Reservations', 'Offers Delivery', 'Offers Takeout']"
Pollo Regio,l0uED9EkMpje2zvSnNNmOg,"['Heath Score: 81 out of 100', 'Takes Reservations', 'Offers Delivery', 'Offers Takeout']"
Oz. Tap House,jefgDin_KoHy_JZLvQG0bA,"['Heath Score: 91 out of 100', 'Offers Delivery', 'Offers Takeout', 'No Reservations']"
Tacodeli,yh1B8RQquWU4D4fUGAeYuw,"['Heath Score: 91 out of 100', 'Offers Delivery', 'Offers Takeout', 'No Reservations']"
Pelons Tex-Mex,_rt-Z934kfFzgG19nTrIcQ,"['Heath Score: 78 out of 100', 'Takes Reservations', 'Offers Delivery', 'Offers Takeout']"
El Nuevo Mexico- Austin,CKUn4-PX66Ms8S0FXLYGcw,"['Heath Score: 81 out of 100', 'Takes Reservations', 'Offers Delivery', 'Offers Takeout']"
La Fruta Feliz,VO1ifwP9UJ7hjkswXaOrNA,"['Heath Score: 78 out of 100', 'Offers Delivery', 'Offers Takeout', 'No Reservations']"
Azul Tequila,aM-FPdJicti_TzymjW3Usg,"['Heath Score: 88 out of 100', 'Offers Delivery', 'Offers Takeout', 'No Reservations']"
Amaya's Taco Village,sHgRJ37WZK7B1m5U2wV33w,"['Heath Score: 85 out of 100', 'Offers Delivery', 'Offers Takeout', 'No Reservations']"
El Pollo Rico,WJqcwq0pxa0No3TbOF3tXQ,"['Heath Score: 91 out of 100', 'Offers Delivery', 'Offers Takeout', 'No Reservations']"
La Mancha,OpRCsjfrBtJ5CWXjVfZWhg,"['Heath Score: 71 out of 100', 'Takes Reservations', 'Offers Delivery', 'Offers Takeout']"
Buenos Sabores,87G0-NXvPAVCIE3_W2-Hmg,"['Offers Delivery', 'Offers Takeout', 'Masks required', 'No Reservations']"
Texas Honey Ham Company,pATn0K6yFj-_F4pjc9qnjQ,"['Heath Score: 89 out of 100', 'Offers Delivery', 'Offers Takeout', 'No Reservations']"
Torchy's Tacos,twCcFfO7fMgH5gh_qbcTrA,"['Heath Score: 92 out of 100', 'Offers Delivery', 'Offers Takeout', 'No Reservations']"
Bongos Authentic Mexican Food,lXOG2JsWVMS_PXgwoM-N3g,[]
Taco Brother,-8LDoPjHsg6QM1djzneCTw,"['Offers Takeout', 'Masks required', 'No Reservations', 'No Delivery']"
Casa Maria,SnET6UQ6uDiKEdP15L4Zbw,"['Heath Score: 73 out of 100', 'Offers Delivery', 'Offers Takeout', 'No Reservations']"
Wilder Wood Restaurant & Bar,uhjDfyNP7XxR8WV9Y2SINA,"['Takes Reservations', 'Offers Delivery', 'Offers Takeout', 'By Appointment Only']"
Fresa's Chicken al Carbon,vyb9Ud7CT1F2kDtFOuTlVw,"['Heath Score: 86 out of 100', 'Offers Delivery', 'Offers Takeout', 'No Reservations']"
Taco More,Q9xmImP2KKS1we8EzBOmVQ,"['Heath Score: 84 out of 100', 'Offers Delivery', 'Offers Takeout', 'No Reservations']"
El Tacorrido,4PufI6Mz9Q-1coFLGApudA,"['Heath Score: 80 out of 100', 'Masks required', 'Staff wears masks', 'No Reservations']"
Las Perlas,BrZmt_v4Gevh6fhzeec1ag,"['No Reservations', 'No Delivery', 'No Takeout', 'Staff wears masks']"
Kesos Tacos,tc-miuh1kIkkdXizliGFuw,"['Heath Score: 85 out of 100', 'Offers Delivery', 'Offers Takeout', 'No Reservations']"
Chuy's,GxSmuTCzGuHwu9ozwB8_0w,"['Heath Score: 87 out of 100', 'Offers Delivery', 'Offers Takeout', 'No Reservations']"
Manuel's,DDKAp6wVkZtmv5gdk6FMIQ,"['Heath Score: 85 out of 100', 'Takes Reservations', 'Offers Takeout', 'Masks required']"
Cabo Bob's Burritos,EDvNWxQj95QWwzUdjgezmw,"['Heath Score: 89 out of 100', 'Offers Takeout', 'No Reservations', 'No Delivery']"
Marcelino's,k5HBvQzRa21pph7zgaivag,"['Heath Score: 86 out of 100', 'Offers Takeout', 'No Reservations', 'No Delivery']"
El Mesón,AUIMVCbPTUrF6AKf2TjZqQ,"['Heath Score: 85 out of 100', 'Takes Reservations', 'Offers Delivery', 'Offers Takeout']"
Un Mundo De Sabor,NCTABDSddX6O9y-QN__L1Q,"['Offers Takeout', 'Vegan Options', 'No Reservations', 'No Delivery']"
Capital Taco,J3L6Vo-Pe0PGyTxhuT8bSw,"['Offers Delivery', 'Offers Takeout', 'Staff wears masks', 'No Reservations']"
Chupacabra Cantina Y Tacqueria,936JLLXsTk58KaUn1BOMyw,"['Heath Score: 93 out of 100', 'Offers Takeout', 'No Reservations', 'No Delivery']"
El Naranjo South Lamar,o6zI8zxv6LTZa9MGs6TB9A,"['Heath Score: 80 out of 100', 'Takes Reservations', 'Offers Takeout', 'No Delivery']"
La Posada Mexican Restaurant,_SrhcpsPD7tX0AutRGKSnw,"['Heath Score: 82 out of 100', 'Takes Reservations', 'Offers Takeout', 'No Delivery']"
Pollo Regio,StC6I0fRK8d54IwHfN3bpg,"['Heath Score: 83 out of 100', 'Takes Reservations', 'Offers Delivery', 'Offers Takeout']"
Pueblo Viejo Traila,mEUjYBoWX6onGMWhMz9gOQ,"['Offers Takeout', 'Vegan Options', 'No Reservations', 'No Delivery']"
Granny's Tacos,AISZmR-xAmGi7jsWNKwhMg,"['Offers Takeout', 'Staff wears masks', 'Vegan Options', 'Masks required']"
Mr Natural,GwF9MLWb34ttSRQdgEypEQ,"['Heath Score: 90 out of 100', 'Offers Takeout', 'No Reservations', 'No Delivery']"
Las Cazuelas Mexican Restaurant,QE2WUvdPySHBQ7Xu41dDPA,"['Heath Score: 73 out of 100', 'Takes Reservations', 'Offers Takeout', 'Many Vegetarian Options']"
Taqueria Arandas,MBcCGInWjSqZVkRa6BAt1g,"['Heath Score: 73 out of 100', 'Offers Takeout', 'Masks required', 'No Reservations']"
El Caribe Mexican Restaurant,fMoq8jat2U7aig8ZXoZKlA,"['Heath Score: 78 out of 100', 'Offers Takeout', 'No Reservations', 'No Delivery']"
Maudie's North Lamar,k8zC6EKsEA_zPMERW4dnhQ,"['Heath Score: 94 out of 100', 'Offers Takeout', 'No Reservations', 'No Delivery']"
Tortillería Río Grande,lY3zSBjWrl2TLdvxUfhL1g,"['Heath Score: 89 out of 100', 'Offers Takeout', 'No Reservations', 'No Delivery']"
Taqueria Anyeli,BQZ6_qTCYHu_SO1eXyKArg,"['Offers Delivery', 'Offers Takeout', 'Many Vegetarian Options', 'No Reservations']"
South Austin Trailer Park & Eatery,SVhakVk93aGZDHKh4XqLAw,"['Offers Delivery', 'Accepts Credit Cards', 'No Reservations', 'No Takeout']"
Taqueria Chapala,UP-0M9GmRvN9yKMyFGyCDw,"['Heath Score: 86 out of 100', 'Offers Delivery', 'Offers Takeout', 'No Reservations']"
Taquito Aviles,krABAHO0lvUVLFFPvd_NDw,"['Many Vegetarian Options', 'Accepts Credit Cards', 'No Reservations', 'Accepts Android Pay']"
Vazquez Restaurant,KLZNYrPiFOZAvUrtQE6MiA,"['Heath Score: 95 out of 100', 'Offers Takeout', 'No Reservations', 'No Delivery']"
Taqueria Morelos,iAylJ20u1GYYbcOTd8-r6A,"['Heath Score: 70 out of 100', 'Offers Delivery', 'Offers Takeout', 'No Reservations']"
Cheko’s,JoZmPR16sGyP2nbTWHVY0A,"['Takes Reservations', 'Offers Delivery', 'Offers Takeout', 'Masks required']"
Taqueria Los Altos,a3SMwlidgbKE6UytxMfG6w,"['Heath Score: 79 out of 100', 'Offers Delivery', 'Offers Takeout', 'No Reservations']"
Taqueria Los Jaliscienses,OrdugQW3-3X3Os7SXH53gQ,"['Heath Score: 89 out of 100', 'Staff wears masks', 'Vegan Options', 'No Reservations']"
Tacodeli,IdqPtYXz6lhnKN0pTd_Z9Q,"['Heath Score: 93 out of 100', 'Offers Delivery', 'Offers Takeout', 'No Reservations']"
Tacos Ivan,L5ndtXhe0Q23MnVYTxkSVA,"['Heath Score: 93 out of 100', 'Offers Takeout', 'No Reservations', 'No Delivery']"
Lupe Tortilla,ZTnsL3Fh95QvJLrKH8upMw,"['Heath Score: 77 out of 100', 'Offers Delivery', 'Offers Takeout', 'No Reservations']"
Tacos Y Tortas El Chilango,Gg7r_9nSBmVyOx80fpa7ug,"['Offers Delivery', 'Offers Takeout', 'Many Vegetarian Options', 'No Reservations']"
Taqueria Chapala #1,cfYWWw8579WMWe4oFsa6Gw,"['Heath Score: 77 out of 100', 'Offers Delivery', 'Offers Takeout', 'No Reservations']"
Pueblo Viejo Riverside,f3fl1UNbjk7WDM6gIFgVzg,"['Takes Reservations', 'Offers Delivery', 'Masks required', 'Staff wears masks']"
Matamoros Tacos,CvQIp5GL-9iOT9Tnvi354w,"['Heath Score: 92 out of 100', 'Offers Takeout', 'No Reservations', 'No Delivery']"
Brazas Taco House,81bhH91cqsmqkMxx8M47-Q,"['Heath Score: 88 out of 100', 'Offers Delivery', 'Offers Takeout', 'No Reservations']"
Taco Baby,#NAME?,"['Offers Takeout', 'Accepts Credit Cards', 'No Reservations', 'No Delivery']"
Vaquero's Cafe and Cantina,HtkgiA-P5Ute-6KzYsryQQ,"['Heath Score: 79 out of 100', 'Takes Reservations', 'Offers Takeout', 'Staff wears masks']"
El Chilito,P4ObhAEvCW867NiG-USPeA,"['Heath Score: 91 out of 100', 'Offers Delivery', 'Offers Takeout', 'No Reservations']"
Oye Taquito,UjPD0ANtXWprEJ9IEogeXw,"['Offers Delivery', 'Offers Takeout', 'Staff wears masks', 'Accepts Credit Cards']"
Techo Mezcaleria & Agave Bar,8GfPt82px0MYo9McLIYH7Q,"['Masks required', 'No Reservations', 'No Delivery', 'No Takeout']"
Tacos Las Amazonas,m8g7EyLdNx5UHVHX6brkUQ,"['Masks required', 'Many Vegetarian Options', 'No Reservations', 'Accepts Credit Cards']"
Santa Rita Tex-Mex Cantina,mId-HN-F1HO2OEAxdrrg1A,"['Heath Score: 92 out of 100', 'Takes Reservations', 'Offers Delivery', 'Offers Takeout']"
The Peached Tortilla,4gjL09PPT5UI5fmnVxFHcQ,"['Offers Takeout', 'Masks required', 'No Reservations', 'No Delivery']"
Los Jaliscienses,mE71Kja2XJq25-iQhGcdfA,"['Heath Score: 100 out of 100', 'Offers Takeout', 'No Reservations', 'No Delivery']"
Freebirds World Burrito,HjKbiCL6_ZvGWYx5EX4-pQ,"['Heath Score: 98 out of 100', 'Offers Delivery', 'Offers Takeout', 'No Reservations']"
Taqueria La Canaria,Yb13Yvw_tSCS20l_v33WUQ,"['Offers Takeout', 'No Reservations', 'No Delivery', 'Accepts Credit Cards']"
Serranos,JGYfl949YuTySsHl6fQXng,"['Takes Reservations', 'Offers Delivery', 'Offers Takeout', 'Staff wears masks']"
Vazquez Restaurant,Y-Fepz41Q6JnhvjDuU-vWA,"['Offers Delivery', 'Offers Takeout', 'Accepts Credit Cards', 'No Reservations']"
Tacoly Moly,4rePJDIX7lefZCUr8zQ8Vg,"['Accepts Credit Cards', 'Outdoor Seating', 'Offers Catering', 'Masks required']"
The Park At The Domain,tJcreajt7qe98DBqaFRsDA,"['Heath Score: 80 out of 100', 'Takes Reservations', 'Offers Delivery', 'Staff wears masks']"
OneTaco,pPaRvDa9OC9h12ugJuKFWQ,"['Offers Takeout', 'Many Vegetarian Options', 'No Reservations', 'No Delivery']"
Super Burrito at the Water Tank,-1ShItlulHnBsoOQWnblzw,"['Offers Delivery', 'Offers Takeout', 'Vegan Options', 'No Reservations']"
Rico's Tacos,gPMZdARiHo0j1nyIHjRghg,"['Offers Takeout', 'Accepts Credit Cards', 'No Reservations', 'No Delivery']"
Dave's Tacos,Z2i3xGhaf3mQ1TrWAhlvFg,"['Offers Delivery', 'Offers Takeout', 'All staff fully vaccinated', 'No Reservations']"
ALLI Mexican Cuisine,BX2J-O891PfC_eMhNu5zmw,"['Heath Score: 92 out of 100', 'Offers Takeout', 'No Reservations', 'No Delivery']"
Pollos Asados El Norteño ,DJXOsYCWc0nMfBVUUy6JHg,"['Offers Takeout', 'No Reservations', 'No Delivery', 'Masks required']"
Wally's Burger Express,t0l4gL6jwSjMKyWTmYhatg,"['Heath Score: 90 out of 100', 'Offers Delivery', 'Offers Takeout', 'No Reservations']"
El Secreto De Abuela,mXDYtboV6TXsZY5I3DKVtg,"['Heath Score: 70 out of 100', 'Offers Takeout', 'No Reservations', 'No Delivery']"
Taqueria Arandas,AK7iJ4gksCE7hzkN2oBjTg,"['Heath Score: 76 out of 100', 'Offers Takeout', 'No Reservations', 'No Delivery']"
El Mana Authentic Mexican Food Truck,Fk75FypsNuA0ppLS6FzwjA,"['Accepts Credit Cards', 'Private Lot Parking', 'Accepts Apple Pay']"
Casita Guanajuato,YXAayJMq8L2OKtW0yBOnyA,"['Heath Score: 92 out of 100', 'Offers Delivery', 'Offers Takeout', 'No Reservations']"
OneTaco,nhB-F-p3m6ukwpaYrXYhhQ,"['Offers Delivery', 'Offers Takeout', 'Masks required', 'No Reservations']"
Las Palomas Restaurant & Bar,aflbTPPZrQIxTOIMJMHbHA,"['Heath Score: 78 out of 100', 'Takes Reservations', 'Offers Delivery', 'Offers Takeout']"
Pollos Asados El norteño #1,fiwgOF1xPSM1aqKcp_EIDQ,"['Offers Delivery', 'Offers Takeout', 'Many Vegetarian Options', 'No Reservations']"
Nissi Vegmex,Nj20XdBXoYSxDIzHx9YmBQ,"['Offers Delivery', 'Offers Takeout', 'No Reservations', 'Masks required']"
Freebirds World Burrito,Eh0Fug7RWiazyB8Rjkswag,"['Heath Score: 88 out of 100', 'Offers Delivery', 'Offers Takeout', 'No Reservations']"
El Tacorrido,4Jsmb92lYx8Djk4QBk6aXA,"['Heath Score: 71 out of 100', 'Offers Takeout', 'Vegan Options', 'No Reservations']"
La Flor,q7mbPAK0g_9jbZL2dHANIA,"['Offers Takeout', 'Vegan Options', 'No Reservations', 'No Delivery']"
Taqueria Gardenia,d9yW4OLNczqKGlXfE_AGrQ,"['Offers Delivery', 'Offers Takeout', 'Masks required', 'No Reservations']"
Super Burrito on 5th,sUxfwBFORDxrarh0LXQUFw,"['Offers Delivery', 'Offers Takeout', 'Vegan Options', 'No Reservations']"
Zuzu Handmade Mexican Food,iFofOanM-8rT21M0SHNjoA,"['Heath Score: 88 out of 100', 'Offers Delivery', 'Offers Takeout', 'No Reservations']"
Micheladas Cafe y Cantina,DQu-9yItu2woAx-UBUzivQ,"['Heath Score: 94 out of 100', 'Takes Reservations', 'Offers Delivery', 'Offers Takeout']"
San Juanita Tacos,aPghiwhYey7sAzP3VL8iGQ,"['Heath Score: 82 out of 100', 'Offers Delivery', 'Offers Takeout', 'No Reservations']"
Ma’Coco,VQPXI5dftODd37nCJAEEqg,"['Heath Score: 92 out of 100', 'Takes Reservations', 'Offers Delivery', 'Offers Takeout']"
CJ’s Tacos,UHKAhMRRskc3C9GxepCe7A,[]
Daygos San Diego Taco Shop,zWrJwohy1W-9pLAHA5AC_w,"['Offers Delivery', 'Offers Takeout', 'Masks required', 'Staff wears masks']"
Taqueria Arandas,MoDX6fbr0e_Sls_TUxeD_w,"['Heath Score: 76 out of 100', 'Offers Takeout', 'No Reservations', 'No Delivery']"
Asador,nNLO8Tb8YpzbueWDvsBujw,"['Offers Delivery', 'Offers Takeout', 'Accepts Credit Cards', 'No Reservations']"
Baby Acapulco,R9O3UC-wk2T3hXyRLzeJQQ,"['Heath Score: 82 out of 100', 'Takes Reservations', 'Offers Delivery', 'Offers Takeout']"
Taqueria La Libertad,qCTUdVpeWWj5rtvV2y3c9w,"['Offers Takeout', 'Accepts Credit Cards', 'No Reservations', 'No Delivery']"
ZIKI,8BPtCYQjlYAB4UsaTQTHDA,"['Offers Delivery', 'Offers Takeout', 'Many Vegetarian Options', 'Masks required']"
Bulevar,dOQPeXu27YmjYFfV5tX-Zg,"['Takes Reservations', 'Accepts Credit Cards', 'Outdoor Seating', 'No Delivery']"
La Piscina,YrReCTKKKRBEDMwFqcftsA,"['Heath Score: 95 out of 100', 'Takes Reservations', 'Offers Takeout', 'No Delivery']"
Taquerias Arandinas,xTar2cfxnkDTr2A3d50JXw,"['Heath Score: 75 out of 100', 'Offers Delivery', 'Offers Takeout', 'No Reservations']"
La Montaña Tacos,1jSy2jbwmSZBxrSzqycbfQ,"['Heath Score: 91 out of 100', 'Offers Delivery', 'Offers Takeout', 'Staff wears masks']"
Freebirds World Burrito,h8D2fs8IBYCofOf8qpAemw,"['Heath Score: 91 out of 100', 'Offers Delivery', 'Offers Takeout', 'No Reservations']"
La Plancha,Uf-lNowqa8XMZyHRrLquMg,"['Offers Delivery', 'Offers Takeout', 'All staff fully vaccinated', 'No Reservations']"
El Arroyo 5th Street,CAVtUByBO6JOY_krzrlfbw,"['Heath Score: 80 out of 100', 'Takes Reservations', 'Offers Delivery', 'Offers Takeout']"
El Perrito,TUOe6XIbww7VDrlD2aSkEQ,"['Offers Delivery', 'Offers Takeout', 'All staff fully vaccinated', 'Staff wears masks']"
Tacos Yo Soy,5suI6QbrzMAj_AAbv8pSHw,"['Takes Reservations', 'Offers Delivery', 'Offers Takeout', 'Masks required']"
Freebirds World Burrito,3lWOMnrqO53ZJcsX6wVFYA,"['Heath Score: 94 out of 100', 'Offers Delivery', 'Offers Takeout', 'No Reservations']"
La Peña,2gd5FJ6ACgaKp9jq2sI-aA,"['Offers Takeout', 'Masks required', 'No Reservations', 'No Delivery']"
La Traila at Mesa,2mGMA0uaSh1zNW0xBbICtw,"['Offers Delivery', 'Offers Takeout', 'Accepts Credit Cards', 'No Reservations']"
Donut Taco Palace,oMRd59l9tECM9Jvy12kDgg,"['Heath Score: 95 out of 100', 'Offers Delivery', 'Offers Takeout', 'No Reservations']"
Mi Trailita Y Mas,qa6O3oPbJnSo35HnzjMVrA,"['Heath Score: 90 out of 100', 'Offers Delivery', 'Offers Takeout', 'Staff wears masks']"
Trudy’s Del Mar,UEgSnHjeR1nrHu5vXO1NfA,"['Offers Delivery', 'Offers Takeout', 'Outdoor Seating', 'Casual']"
Angie's Mexican Restaurant,n8kBconpaJJg32tGrLHeFg,"['Heath Score: 87 out of 100', 'Takes Reservations', 'Offers Delivery', 'Offers Takeout']"
La Holly,J-S8U3hSuuZSa1a0xq2kJg,"['Offers Takeout', 'Many Vegetarian Options', 'No Reservations', 'No Delivery']"
Nonos Tacos,FewDWoaK5Pr0sHF3AlG8mg,"['Heath Score: 99 out of 100', 'Offers Delivery', 'Offers Takeout', 'No Reservations']"
Dos Salsas,q36O23dI5uQbWseYmT3Hrg,"['Heath Score: 83 out of 100', 'Takes Reservations', 'Offers Delivery', 'Offers Takeout']"
Jefes Tacos & Catering,NJAbhM3GD4n00_HInpNFnA,"['Heath Score: 75 out of 100', 'Takes Reservations', 'Offers Delivery', 'Offers Takeout']"
Los Comales Mexican Restaurant,dMNfUfUgOmTLcDCTLJ_9Zw,"['Heath Score: 80 out of 100', 'Offers Delivery', 'Offers Takeout', 'No Reservations']"
Little Mexico Restaurant,6-kH79SpoMeIKDIEBwchPA,"['Heath Score: 95 out of 100', 'Offers Delivery', 'Offers Takeout', 'No Reservations']"
Papa Joe's Tex-Mex,-pv0wXx1s0viMg8CH7x-6g,"['Heath Score: 90 out of 100', 'Offers Delivery', 'Offers Takeout', 'No Reservations']"
Fairways Cantina,BCaTdIxMsFDw3MK4iy_b7w,"['Heath Score: 92 out of 100', 'Offers Delivery', 'Offers Takeout', 'Staff wears masks']"
Bummer Burrito,2zOmcPu717eU83nbRAWSBA,"['Offers Delivery', 'Offers Takeout', 'Vegan Options', 'Accepts Credit Cards']"
Tres Amigos,KsS_49_A8M2__emgTCp8dg,"['Heath Score: 83 out of 100', 'Takes Reservations', 'Offers Delivery', 'Offers Takeout']"
Nyam Sunshine Cuisine,VDteToHgvpUDA9_T7SYG9g,"['Outdoor Seating', 'Private Lot Parking']"
Taqueria La Familia Mexican Restaurant,KJagWpMMQZ52mZfUabaR7Q,"['Heath Score: 87 out of 100', 'Offers Delivery', 'Offers Takeout', 'No Reservations']"
Native Grocery,ZE3jrF6Hcc-MzJx58-GSDQ,"['Heath Score: 81 out of 100', 'Accepts Credit Cards', 'No Reservations', 'Accepts Cryptocurrency']"
Toyloco,3C9CZS_l2XqQHeEQTI-UtA,"['Offers Delivery', 'Offers Takeout']"
Taquero Mucho,xrxNQvmqCHQgH47gn5jtdw,"['Heath Score: 76 out of 100', 'Trendy', 'Good for Dinner', 'No Reservations']"
Ensenada ATX,bL-77pJtdNMkyiw6wESOrg,"['Offers Takeout', 'No Delivery', 'Masks required', 'Staff wears masks']"
Always Hungry,cFKZVxAsRsmGH5pZLPCyog,"['Offers Delivery', 'Offers Takeout', 'Pescatarian Options', 'Vegan Options']"
Veracruz All Natural,lCmz-bwclEuwsxm4-i2lNw,"['Offers Takeout', 'Vegan Options', 'No Reservations', 'No Delivery']"
Costa Del Sol Restaurant,S0j4zscxXfkSVTQifdvydA,"['Heath Score: 71 out of 100', 'Offers Takeout', 'No Reservations', 'No Delivery']"
Taqueria Guadalajara,vj3fhBAbH5bP342wQ4ADkA,"['Heath Score: 75 out of 100', 'Offers Delivery', 'Offers Takeout', 'No Reservations']"
Carnitas el Guero,GPOlkc5MMbhIA2WnlTAkJQ,"['Offers Delivery', 'Offers Takeout', 'Waiter Service']"
Taco Bronco,2shvbGrTkfk4xk6BVWjZug,"['Vegan Options', 'Accepts Credit Cards', 'Street Parking, Private Lot Parking']"
Mango Feliz,HBnfMWwTiXTEfvdMEnSjbg,"['Offers Takeout', 'No Reservations', 'Masks required', 'Staff wears masks']"
Vaquero Taquero,suSjNVgdnOrjP-1eGHoXEw,"['Heath Score: 76 out of 100', 'Offers Delivery', 'Offers Takeout', 'Staff wears masks']"
OneTaco Taquería,QLpkAl5IF-dKsQrqO6zc9g,"['Offers Delivery', 'Offers Takeout', 'No Reservations', 'Masks required']"
Veracruz All Natural,FqWMOQ0WbVZ55Y3sS1ulhQ,"['Offers Takeout', 'Masks required', 'Staff wears masks', 'Vegan Options']"
Hecho En Mexico,4w54U7DCiyswmzMf7t32-Q,"['Heath Score: 78 out of 100', 'Takes Reservations', 'Offers Delivery', 'Offers Takeout']"
Love C Spot,CxDq-fQN3c3g29So1NPY-A,"['Offers Delivery', 'Offers Takeout', 'Masks required', 'Accepts Credit Cards']"
Dos Amigos Mexican Food,s-DXfNMT4ZDmbIZw518_Rg,"['Offers Takeout', 'No Reservations', 'No Delivery', 'Accepts Credit Cards']"
Casa Vallarta,HfAedVTbfqe10tp0g36AiA,"['Heath Score: 82 out of 100', 'Offers Takeout', 'No Reservations', 'No Delivery']"
El Super Taco,yq0N8GoNwkyejpm0I4n1Yw,"['Offers Delivery', 'Offers Takeout', 'No Reservations', 'Accepts Credit Cards']"
Curra’s Hyde Park,zMdslB08XbNWU3S8z8fWXw,"['Heath Score: 91 out of 100', 'Offers Takeout', 'Many Vegetarian Options', 'Outdoor Seating']"
Tacos Durango,4XLSNVJcveUz2P8cck9OZA,"['Heath Score: 86 out of 100', 'Offers Delivery', 'Offers Takeout', 'No Reservations']"
OneTaco,q6c0rBQ2SdNavtFjjY7oFQ,"['Offers Delivery', 'Offers Takeout', 'Masks required', 'Staff wears masks']"
Jefes Street Tacos,BtlzDIZ5RJePAae_hklVlA,"['Offers Delivery', 'Offers Takeout', 'Accepts Credit Cards', 'No Reservations']"
Tacos y Pupusas Los Ramos,nO3JHm05R9KYNEZ7aIPSGw,"['No Reservations', 'No Delivery', 'No Takeout', 'Accepts Credit Cards']"
Con Todo,z3SmHMMxZaWdqbE1KQoHQQ,"['Outdoor Seating', 'Classy', 'Private Lot Parking']"
Chipotle Mexican Grill,6ro6GdSUnNmM929dTHgVKg,"['Heath Score: 100 out of 100', 'Offers Delivery', 'Offers Takeout', 'No Reservations']"
El Chilito,Pu3LOiZNPJTOCpOJ-stlvA,"['Heath Score: 90 out of 100', 'Offers Delivery', 'Offers Takeout', 'No Reservations']"
El Pollo Rico,FV0EwBnrRlocGXe2Y_92fw,"['Offers Delivery', 'Offers Takeout', 'Accepts Credit Cards', 'No Reservations']"
Un Taco Mas,xaDfYFmpU4qyRwu6gBbpbA,"['Offers Takeout', 'Masks required', 'Staff wears masks', 'No Delivery']"
Taco Flats,_1lwieLPTdvfbEStNTnzDg,"['Heath Score: 82 out of 100', 'Offers Delivery', 'Offers Takeout', 'Masks required']"
Quezzas,rn2Ka8dII-WH6hXG82F1GA,"['Offers Delivery', 'Offers Takeout', 'Masks required', 'No Reservations']"
Taqueria La Escondida,l19bUIcJWEMSzCXhDM4zdw,"['Heath Score: 84 out of 100', 'Offers Takeout', 'No Reservations', 'No Delivery']"
Baby Acapulco,QnjTzGGueOsdabHqvWosQA,"['Heath Score: 93 out of 100', 'Takes Reservations', 'Offers Delivery', 'Offers Takeout']"
Flores Mexican Restaurant,CibLRpCBVfEzzDFbOQIxzw,"['Heath Score: 89 out of 100', 'Offers Takeout', 'No Reservations', 'No Delivery']"
Daygo's San Diego Taco Shop,hYDAmF6f-8qfNuDJmZAoKg,['Classy']
Tacos El Charly,kJCTyUI0zT8rqv3qaxYuiA,"['Outdoor Seating', 'Street Parking', 'TV']"
Beto's Mexican Restaurant,7lshv8DNhwYhdD6Dh73ekg,"['Heath Score: 79 out of 100', 'Offers Takeout', 'No Reservations', 'No Delivery']"
Mission Street Burrito,nNFaWdWQzAKglF7QvszbnQ,"['Offers Delivery', 'Offers Takeout', 'Vegan Options', 'Outdoor Seating']"
Autenticos Michoacanos,Upe9TGr3VP8uAL223bCWOQ,"['Offers Takeout', 'Staff wears masks', 'Casual', 'Private Lot Parking']"
El Secreto de la Abuela 2,SW2v089xn3xrCFbMFKXasw,"['Heath Score: 88 out of 100', 'Offers Delivery', 'Offers Takeout', 'Many Vegetarian Options']"
La Palapa,gMuFIpk4BRfZcE6p55fnkA,"['Heath Score: 87 out of 100', 'Offers Takeout', 'No Reservations', 'No Delivery']"
Seareinas,PDtcdi8HiGU_E0EtrrlXeg,"['Heath Score: 85 out of 100', 'Outdoor Seating', 'Casual, Trendy', 'No Reservations']"
Juana Taco,heeqwXyKmz99ST_28jdVYg,"['Offers Delivery', 'Offers Takeout', 'Many Vegetarian Options', 'No Reservations']"
Taqueria Montenegro,Sz73NubYjNG3AD5jXMj3SA,"['Heath Score: 77 out of 100', 'Offers Takeout', 'No Reservations', 'No Delivery']"
Chicken Bowl,hI9SS8or178ESYI3g8o4cA,"['Heath Score: 90 out of 100', 'Offers Takeout', 'No Reservations', 'No Delivery']"
Polvo's DT,WqSAjqv0XwfsYBg70dHBqA,"['Heath Score: 90 out of 100', 'Offers Takeout', 'Takes Reservations', 'No Delivery']"
Little Plaza Tacos,ZjExuvrL3CUicY2F9xhzSA,"['Offers Delivery', 'Offers Takeout', 'Staff wears masks', 'No Reservations']"
Chipotle Mexican Grill,oaXi7-OFrwHyHpSz2_AtxA,"['Heath Score: 100 out of 100', 'Offers Delivery', 'Offers Takeout', 'No Reservations']"
La Santa Barbacha,h3ygYy3mwzskQlCH1jtnBA,"['Offers Takeout', 'No Reservations', 'No Delivery', 'Masks required']"
Kings Taqueria Y Mas,m1GkW7EAalwPr2MVC1zL7g,"['Offers Delivery', 'Offers Takeout', 'Accepts Credit Cards', 'Accepts Cryptocurrency']"
BIG Frank’s Taco Food Truck,DV6Hp6MsNcFLbt0M5b4nhA,[]
El Tacorrido,4S0hdF6JOQYvEZU9253rYg,"['Heath Score: 73 out of 100', 'Offers Delivery', 'Good for Groups', 'Garage Parking, Private Lot Parking']"
Zombie Taco,QKq8xVLe58sBola2ykdnow,"['Heath Score: 94 out of 100', 'Offers Delivery', 'Offers Takeout', 'No Reservations']"
El Tizon Del Chef,ZtDJAwu5U3gmx-LVRbsutA,"['Offers Takeout', 'Masks required', 'No Reservations', 'No Delivery']"
Rules & Regs,Vf_vqtytl6RRV5_3w84JsA,"['Takes Reservations', 'Offers Delivery', 'Masks required', 'Staff wears masks']"
Taquerias Arandinas,krplIjw6abcMLTaYTOB96Q,"['Heath Score: 86 out of 100', 'Offers Takeout', 'No Reservations', 'No Delivery']"
Tres Marias Tacos,rpDEUAvEJZ0qhgTNt4wNgg,"['Offers Takeout', 'Private Lot Parking', 'Women-owned', 'No Delivery']"
Cosmic Taco,iJ61DnPmxt1NfAzC8mlupw,"['Offers Delivery', 'Offers Takeout', 'Vegan Options', 'No Reservations']"
Taqueria 7 Estrellas,oEk10ghOeknPKvjrSxaMzg,"['Heath Score: 98 out of 100', 'Offers Delivery', 'Offers Takeout', 'No Reservations']"
La Sabroza,qYSzpsDSp2CLU0MIbWBGbw,"['Offers Takeout', 'No Reservations', 'No Delivery', 'Accepts Credit Cards']"
Greens 'n Grill,npssmgSepCDpcUWpnOGeWA,"['Offers Delivery', 'Offers Takeout', 'No Reservations', 'Masks required']"
Chipotle Mexican Grill,AqMLBFurm1kRs-k1PyCTpg,"['Heath Score: 94 out of 100', 'Offers Delivery', 'No Reservations', 'No Takeout']"
Los Danzantes ATX,fhyEL_tf7xCXgWWZ-Zbdcg,"['Offers Takeout', 'All staff fully vaccinated', 'Masks required', 'Staff wears masks']"
El Agazajo’s,ak3kpcJGK2afcJYAtbX2qw,"['Offers Delivery', 'Offers Takeout', 'Masks required', 'Staff wears masks']"
Frida’s Cocina,t9vAmsHv-l8j_20bGcEblA,"['Offers Delivery', 'Offers Takeout', 'All staff fully vaccinated', 'Special hours', 'No Reservations']"
Don Juan,s_F-1UMPqR6LoWB2XmPyaQ,"['Heath Score: 74 out of 100', 'Offers Takeout', 'No Reservations', 'No Delivery']"
Asadas Grill,pxuYf1niSo7IvJOUmbC1_A,"['Takes Reservations', 'Offers Delivery', 'Offers Takeout', 'Masks required']"
Bomb Tacos,sPr8yu7F1PVFDiPDhTb1fg,"['Offers Takeout', 'Vegan Options', 'Accepts Credit Cards', 'No Reservations']"
Casa Moreno's,PYkrkSvt0hTD4a9_yclgcg,"['Heath Score: 70 out of 100', 'Offers Delivery', 'Offers Takeout', 'No Reservations']"
Taqueria Jefes,UyYQR6KG2-XEWcuUBsT97Q,"['Offers Takeout', 'No Reservations', 'No Delivery', 'Accepts Credit Cards']"
Taco Shack,SGJMavbdxy4yuiYl_w1waA,"['Heath Score: 71 out of 100', 'Offers Takeout', 'No Reservations', 'No Delivery']"
El Pollo Regio,PLWKRaadW8g1YFUG22_vDw,"['Offers Takeout', 'Accepts Credit Cards', 'No Reservations', 'No Delivery']"
Lolita La Tampiqueña,YArn8seLr3LJmGewVH1NyQ,"['Offers Delivery', 'Offers Takeout', 'Accepts Credit Cards', 'No Reservations']"
Salsa Limón,TOG67e9pFlKD7A7XC5sEfg,"['Heath Score: 92 out of 100', 'Offers Takeout', 'Staff wears masks', 'Masks required']"
El Pollo Rico,CSnVkP0L1rr7LoyJ9LYA4g,"['Heath Score: 76 out of 100', 'Offers Delivery', 'Offers Takeout', 'No Reservations']"
El Rinconcito Del Sabor,jjjTpGGOnNZgaclRJZtp2w,"['Heath Score: 88 out of 100', 'Offers Takeout', 'No Reservations', 'No Delivery']"
El Pollo Rico,yXgkDmJf4_r7HwvplFaklg,"['Offers Takeout', 'Classy', 'Good For Kids', 'No Delivery']"
Aguilera's Mexican Restaurant,YIkzoQqUCoyc4kASKPqAFA,"['Heath Score: 88 out of 100', 'Offers Delivery', 'Offers Takeout', 'No Reservations']"
Tortas El Guero,TtyX84Ghb11jIbyRbiIQsw,"['Offers Takeout', 'No Reservations', 'No Delivery', 'Accepts Credit Cards']"
Aparicios,LMNJ-ypsoYx-lR2bTzC_lg,"['Offers Delivery', 'Many Vegetarian Options', 'Private Lot Parking']"
Beto's Mexican Restaurant,hzDAWHacmZQVlfThmx_-iw,"['Heath Score: 83 out of 100', 'Takes Reservations', 'Offers Takeout', 'Accepts Credit Cards']"
Chipotle Mexican Grill,4SbOFLH_S7e4tv77nuinCw,"['Heath Score: 92 out of 100', 'Offers Delivery', 'Offers Takeout', 'No Reservations']"
Chipotle Mexican Grill,9SW2iaxmN3iTf1LyZMTIIg,"['Heath Score: 96 out of 100', 'Offers Delivery', 'Offers Takeout', 'No Reservations']"
Birria Queen ,H6TRTjlEy1_GWlcOuZzbHA,"['Offers Delivery', 'Offers Takeout', 'Masks required', 'Staff wears masks']"
Chipotle Mexican Grill,X-tmOCfQ4y_c64xjtNN3ug,"['Heath Score: 98 out of 100', 'Offers Delivery', 'Offers Takeout', 'No Reservations']"
Taco Shack,WOAUHpYxc4Ga9AuFqAqxrQ,"['Heath Score: 82 out of 100', 'Offers Takeout', 'No Reservations', 'No Delivery']"
Taqueria los Regios,Eb0c_i44W9M-C4NAWNTqDQ,"['Offers Delivery', 'Offers Takeout', 'Masks required', 'Staff wears masks']"
Taqueria San Luis,WyX5i_cncgrKwIyEFw0iYA,"['Offers Takeout', 'Accepts Credit Cards', 'No Reservations', 'No Delivery']"
Texas Sushiko,6NXzlHMBzNVz3BvVe8XhBA,"['Pescatarian Options', 'No Reservations', 'No Delivery', 'No Takeout']"
Pueblo Viejo Meanwhile,a9e0ooFtoUhGJJg4aMOkRg,[]
Taqueria Johnny Tacos,ukH-hmXSY2P5m2E-TDcPlg,"['Offers Takeout', 'Masks required', 'Staff wears masks', 'No Outdoor Seating']"
Taqueria La Chilanguita,aPn02TSwZlTXPidY7htAUg,"['Offers Takeout', 'Accepts Credit Cards', 'Classy', 'No Delivery']"
El Marisquero Seafood,fmpvRs8PrdZwSh_XeVw2_Q,"['Offers Takeout', 'Staff wears masks', 'No Delivery', 'Masks required']"
La Chapala,mQYG4rBs_BAd8DkbgCZTtw,"['Offers Delivery', 'Offers Takeout', 'Accepts Credit Cards', 'No Reservations']"
Sabe,XNYRtYmQYWoTU9Pqp0HBSQ,"['Heath Score: 85 out of 100', 'Offers Takeout', 'Masks required', 'Accepts Credit Cards']"
Taco Break,zLJW_Bss7xzV0zqso85ztg,"['Offers Takeout', 'Accepts Credit Cards', 'Outdoor Seating', 'No Delivery']"
Taqueria Piedra Grande,2OPx_aBOE_ZOrEhTDkY-DA,"['Offers Takeout', 'Accepts Credit Cards', 'No Reservations', 'No Delivery']"
La Yaquesita Food Truck,cEGWFmiQiwuyWxSpCPE0WQ,"['Offers Takeout', 'Vegan Options', 'No Reservations', 'No Delivery']"
Cilantro's,T55nNWr06T492oDUh0R8bQ,"['Heath Score: 97 out of 100', 'Offers Takeout', 'No Reservations', 'No Delivery']"
Chapulín Cantina,uGYPRlATniMBSp7r2wrRXg,"['Takes Reservations', 'Classy']"
Mí Casa Market,7cp5mXkCn4G6ivKdpPQVbA,"['Heath Score: 81 out of 100', 'Offers Delivery', 'Vegan Options', 'No Reservations']"
El Pollo Rico,PSpqs8oF2cuGQuUU9XiXRg,"['Heath Score: 82 out of 100', 'Offers Delivery', 'Offers Takeout', 'No Reservations']"
Jasmine's Mexican Restaurant,hmmfN3V_NTb9FiTkC7VWXw,['TV']
Beto’s Restaurant & Bar,EnBgdCvtJ_zQiB77XKCc2g,"['Offers Takeout', 'Many Vegetarian Options', 'Private Lot Parking', 'TV']"
Chipotle Mexican Grill,TbeL8UTAX4aIr4jNSbXb3g,"['Heath Score: 96 out of 100', 'Offers Delivery', 'Offers Takeout', 'No Reservations']"
Antojitos Mexicanos Los Jarochos,NReQvie-slWnvW-xxojWsQ,[]
Tacos 620,nuUxxMBlTE-wk3_JyfZm-Q,"['Offers Takeout', 'Masks required', 'Staff wears masks', 'No Delivery']"
Ember Smoke,uD56cagifU_OGe6eBPW16w,"['All staff fully vaccinated', 'Staff wears masks', 'Offers Catering', 'Masks required']"
Fruteria Pekitas,dq578OMMT5GbdqvB7kP5qg,"['Heath Score: 90 out of 100', 'Offers Takeout', 'Accepts Credit Cards', 'No Reservations']"
Chipotle Mexican Grill,rOs79YiornVx-KMyCMwm1g,"['Heath Score: 98 out of 100', 'Offers Delivery', 'Offers Takeout', 'No Reservations']"
Rita's Mexican Restaurant,pNnYECOupGZSAxtW-PPQmQ,"['Offers Takeout', 'Many Vegetarian Options', 'Accepts Credit Cards', 'No Reservations']"
Taqueria Piedra Grande,4XSH2keAzoTrN_KMQOvvlA,"['Offers Delivery', 'Offers Takeout', 'Accepts Credit Cards', 'Offers Catering']"
Taco Shack,UnNDTOGGAIxKfxA2fCAXaA,"['Heath Score: 84 out of 100', 'Offers Takeout', 'No Reservations', 'No Delivery']"
Tortilleria La Sabrocita,AUIz0kM9blrKxxf2-LfU_Q,"['Heath Score: 90 out of 100', 'Offers Delivery', 'Offers Takeout', 'No Reservations']"
Taqueria el Torito,9UsElPIjW7Zqo-2_GUZkXg,"['Offers Takeout', 'No Reservations', 'No Delivery', 'Accepts Android Pay']"
El Vago Cantina,HbMPlMQom_-TgyWNi0c5Gg,"['Offers Takeout', 'No Delivery', 'Masks required', 'Staff wears masks']"
Jasmine's Restaurant,cpDff4xvSxgfo_2XK87ThQ,"['Offers Delivery', 'Offers Takeout', 'Accepts Credit Cards', 'No Reservations']"
Los Pepes,SlVbPk3-OnpuvvYLwdt7fA,"['Heath Score: 87 out of 100', 'Offers Takeout', 'No Reservations', 'No Delivery']"
Tacos Doña Rosita,ZGgVJdJ9CUq_5xX0RDow3Q,"['Offers Takeout', 'Accepts Credit Cards', 'No Reservations', 'No Delivery']"
Sopa De Fideo,CXP_w8XFHyg6hlzFfKxBSA,"['Offers Delivery', 'Offers Takeout', 'Masks required', 'Staff wears masks']"
Taco Cabana,cC4LmacA51UAjIROpKqQ8A,"['Heath Score: 71 out of 100', 'Offers Delivery', 'Offers Takeout', 'No Reservations']"
Taqueria Los Jr’s,3G_CjEBA2mm6QB6-275kDw,"['Takes Reservations', 'Offers Delivery', 'Offers Takeout', 'Staff wears masks']"
La Familia Mexican Market,MQWLzCj9vSjcl3R3v-U-Vg,"['Heath Score: 78 out of 100', 'Offers Delivery', 'Accepts Credit Cards', 'Private Lot Parking']"
Marisco Grill,Ejt0AX9GVLQqXn1uFkQLag,"['Heath Score: 96 out of 100', 'Takes Reservations', 'Offers Takeout', 'No Delivery']"
Soco Bar & Bites,X4FReQm8nmc3sON2aRoY1A,"['Takes Reservations', 'Offers Takeout', 'Accepts Credit Cards', 'Accepts Android Pay']"
Mi Lindo Michoacan,zOog0WZuvNCIurbwyrvY5g,"['Heath Score: 82 out of 100', 'Accepts Credit Cards', 'Masks required', 'Staff wears masks']"
Fajita Pete's - MoPac,MSD7RsqlimUFTlc0uq2QNg,"['Heath Score: 93 out of 100', 'Offers Delivery', 'Offers Takeout', 'Staff wears masks']"
La Sirena,Y3s7fgu3B9UhyDKMktIS_g,"['Offers Takeout', 'Accepts Credit Cards', 'Accepts Apple Pay', 'Accepts Cryptocurrency']"
El Pollo Rico,q36naMyIpP0BPuafP5NyUw,"['Heath Score: 84 out of 100', 'Offers Delivery', 'Offers Takeout', 'No Reservations']"
Taqueria Hugo,9QO7KfFLBEdHeVuoAJlqVA,"['Masks required', 'Staff wears masks', 'No Outdoor Seating']"
Regios Al Vapor 3,2tuy5qY6lDpL9cdZKFFKMw,[]
Mariscos Los Jarochos,0hGtX5H16-GiKGRDw0jhow,"['Heath Score: 92 out of 100', 'Offers Delivery', 'Offers Takeout', 'No Reservations']"
Tacos Juanita,YJoupkRy1EjpRy1BwzvXhg,"['Offers Delivery', 'Offers Takeout', 'Many Vegetarian Options', 'Accepts Credit Cards']"
Taqueria El Picante,li2Sl1CKLyQ9MYgMYl9xRQ,[]
Ram Indimex foods,aEONpDLGav3O4NTsgmHZMA,"['Offers Delivery', 'Offers Takeout', 'All staff fully vaccinated', 'Masks required']"
Taqueria Don-Emilio,0rtvEt_w1j-04-TC54mPYA,"['Offers Takeout', 'Accepts Credit Cards', 'No Reservations', 'No Delivery']"
Mi Cabana,DHcmcPq5oUxAyGjDyEHw7Q,"['Offers Takeout', 'Accepts Credit Cards', 'No Reservations', 'No Delivery']"
Buddy's Mexican Grill,StKc6y0WHx1Z1cyH8CwbVA,"['Heath Score: 72 out of 100', 'Offers Takeout', 'Many Vegetarian Options', 'No Reservations']"
Crazy Fruits Riverside,rlsrHlSkJN1iuVxnQ3-h8g,"['Heath Score: 89 out of 100', 'Offers Delivery', 'Offers Takeout', 'No Reservations']"
Taco Cabana,nEZm_RNK_VZrpgZKLuCRPw,"['Heath Score: 91 out of 100', 'Offers Delivery', 'Offers Takeout', 'No Reservations']"
Guatemalteca,Fg4_tJinANI7ojjFcDk6UQ,[]
Quinta Caporales Meat Market,XYal0iFYJvwXfOB_AZjqwA,"['Heath Score: 76 out of 100', 'Offers Delivery', 'Staff wears masks', 'No Reservations']"
Taquerias Arandinas,PpNPv143QZSc6bkTvECMgA,"['Heath Score: 93 out of 100', 'Offers Delivery', 'Offers Takeout', 'No Reservations']"
Taco Cabana,9vUNpvDIw83pjHO0Kr7XPg,"['Heath Score: 86 out of 100', 'Offers Delivery', 'Offers Takeout', 'No Reservations']"
El Huarache 2 Food Truck,RSHigILpL2Posvof3RF9pg,"['Offers Takeout', 'Offers Catering', 'No Delivery']"
Ole Taco,DFx856Ga-StTFTbBRqR8ZA,['No Waiter Service']
Mario's Seafood,Q-7wWqPR6794bfZUepsg1A,"['Heath Score: 86 out of 100', 'Offers Takeout', 'No Delivery', 'Masks required']"
Taco Cabana,I8rcWLpL0lnYdn-W9lypgg,"['Heath Score: 86 out of 100', 'Offers Delivery', 'Offers Takeout', 'No Reservations']"
Tacos Garcilita,OdQxJxTNTFDP8HfqapS4sA,"['Offers Takeout', 'Accepts Credit Cards', 'No Reservations', 'No Delivery']"
Tortilleria El Taquito Marisquero,tqHZ-qFUH34Juvw_IQqWvA,"['Heath Score: 73 out of 100', 'Offers Delivery', 'Offers Takeout', 'Masks required']"
El Tacorrido,0NVmh-TTQ6mce73Wh5Z2ig,"['Offers Takeout', 'Accepts Credit Cards', 'No Reservations', 'No Delivery']"
La Hawaiina,v0lAQJhQvgegrIGVGEk5Fg,"['Offers Delivery', 'Offers Takeout', 'No Reservations', 'Accepts Credit Cards']"
El Pollo Rico,UG629uzdUeoeD_uyb8w-tg,"['Heath Score: 75 out of 100', 'Offers Delivery', 'Offers Takeout', 'No Reservations']"
El Taquito Aviles,w6glLilpWkesWJMxjYeF5w,"['Offers Takeout', 'Outdoor Seating', 'No Delivery', 'Accepts Credit Cards']"
Taco Bell,12in6DGZIwm6kytjmBRafQ,"['Heath Score: 95 out of 100', 'Offers Delivery', 'Offers Takeout', 'No Reservations']"
Tacos Michoacan,sTppFMipiI0jjarjEctT5w,"['Offers Takeout', 'Accepts Credit Cards', 'No Reservations', 'No Delivery']"
Taco Cabana,_XeYdTZNWTPD7fqKNuR70w,"['Heath Score: 100 out of 100', 'Offers Delivery', 'Offers Takeout', 'No Reservations']"
Taco Bell,Fx0slnWHNR3IniLJSacxyA,"['Heath Score: 93 out of 100', 'Offers Delivery', 'Offers Takeout', 'No Reservations']"
Pollo Caliente,OFOAj2KHkd0Icz_C9cWJkA,"['Accepts Credit Cards', 'Classy']"
Taco Bell,6Q9JQPI_-HkJgp8oQlp97g,"['Heath Score: 98 out of 100', 'Offers Delivery', 'Offers Takeout', 'No Reservations']"
La Catedral Del Marisco #2,3jiQKBE8N2qkoOtv1wiScg,"['Heath Score: 79 out of 100', 'Takes Reservations', 'Offers Takeout', 'No Delivery']"
Taco Bell,_su2RkbR-Z8Ppvho4DJbtw,"['Heath Score: 92 out of 100', 'Offers Delivery', 'Offers Takeout', 'No Reservations']"
Mariscos Tampico Bar & Grill,oPo6IO6AfVs9GfwHSHD5tQ,"['Heath Score: 77 out of 100', 'Offers Delivery', 'Offers Takeout', 'No Reservations']"
Taco Cabana,cqUji3e_PL1aRxjtC0MaXw,"['Heath Score: 92 out of 100', 'Offers Delivery', 'Offers Takeout', 'No Reservations']"
La Caprichoza,x2sMsoBCo1rOfI1S9nRUkw,"['Private Lot Parking', 'No Reservations']"
La Traila,IrKhMGiAI68aS0mba3rZVg,['Classy']
Taco Bell,BAJnBN9qkz3QkG16P0uPGA,"['Heath Score: 100 out of 100', 'Offers Delivery', 'Offers Takeout', 'No Reservations']"
Los Potrillos,2yq89tFeGIi9ifO5UPKpLA,"['Heath Score: 87 out of 100', 'Offers Delivery', 'Offers Takeout', 'No Reservations']"
Palomino's Food Truck,T4fndbOkrTClOKC4ruG8yw,"['Outdoor Seating', 'Offers Catering', 'Latinx-owned']"
Big Boss Foods,q5KABJuVSotoY5XZc8FCIA,"['Offers Delivery', 'Offers Takeout', 'Accepts Credit Cards', 'No Reservations']"
Taqueria Jefes,mmMslokb-1FIPEdvH2IKXg,"['Offers Takeout', 'Many Vegetarian Options', 'No Delivery', 'Accepts Credit Cards']"
Taco Bell,SZJ7E26RnwI4bbCj48riow,"['Heath Score: 88 out of 100', 'Offers Delivery', 'Offers Takeout', 'No Reservations']"
Taqueria La Guera,ik1sxcPJbIZXTZ4OCl9dNQ,['No Delivery']
Las Palapas,GxocPmJQNw5A3yUvIyTnwg,"['Casual', 'Full Bar']"
Taquizas Mariana,OUe8zhq-BNWzZF8181QIyg,"['Classy', 'No Takeout', 'Offers Catering']"
Chicanas Tacos,4Pmqq9YVbE-k0tC8caZ_JQ,"['Offers Takeout', 'No Reservations', 'No Delivery', 'Accepts Credit Cards']"
La Traila #6,fJ2fcDhx8f_UIcI7ttubOg,['Private Lot Parking']
Quick Fix Cuisine,Laqw7n828MgjBdOoly5TpQ,"['Offers Takeout', 'Vegan Options', 'No Reservations', 'No Delivery']"
Kins Dining,x09efcVl5WCcrChXpHKSJQ,"['Masks required', 'No Reservations', 'No Delivery', 'No Takeout']"
Trill foods,zmKZBNZmnHY7kv5CRHxENQ,['Outdoor Seating']
Brendas All Natural,QjyayEDmjg96su-eIflgLw,"['Offers Takeout', 'No Delivery']"
Arturos taco truck,5l7rIoWdv_MrSDiomue1vA,"['Offers Delivery', 'Offers Takeout', 'All staff fully vaccinated', 'Masks required']"
Taqueria Su Destino,7U6taCZqDyz-4kcpKt-OAg,"['Takes Reservations', 'Offers Takeout', 'Accepts Credit Cards', 'No Delivery']"
Big Delicious Food,Tf37Ntr6SwqFB3u3IC50tg,['No Delivery']
Eighteenth Over Austin,6wk-k-YJnU3rUM6JZrJsag,"['Offers Takeout', 'Accepts Credit Cards', 'No Reservations', 'No Delivery']"
Taqueria La Paloma,YaKIeriDjPzbK2vtb4DTww,['Many Vegetarian Options']
Jack in the Box,N31Vex7z_gckdhAsq0uPxA,"['Heath Score: 93 out of 100', 'Offers Delivery', 'No Reservations', 'No Takeout']"
Margie'z Place,NeSEkEcV_r6KKITuk-xnyQ,"['Street Parking, Private Lot Parking']"
Pio Pio Tacos,ghePF1EG2RlM0iItq7Y3BQ,[]
Blue Gecko,iUa22ucRaX4OlDImWMV4NQ,"['Offers Delivery', 'Offers Takeout', 'Staff wears masks', 'Masks required']"
Chipotle Mexican Grill,W9BaT5O-cDSMZGmmVjJD2A,"['Heath Score: 97 out of 100', 'Offers Delivery', 'Offers Takeout', 'Street Parking']"
Jack in the Box,e8iaAO6ukGxUxhbzHS2LQg,"['Heath Score: 93 out of 100', 'Offers Delivery', 'No Reservations', 'No Takeout']"
Taco Bell,7YHhHlvMCc9WAAEHCtV-pw,"['Heath Score: 96 out of 100', 'Offers Delivery', 'Offers Takeout', 'No Reservations']"
Three B's Tacos,vJehBCfKb4T9w71ytLH_Ug,"['Offers Delivery', 'Offers Takeout', 'Accepts Credit Cards', 'Outdoor Seating']"
Taco Bell,fjqeObbXi1kd_40E62WHCQ,"['Heath Score: 91 out of 100', 'Offers Delivery', 'Offers Takeout', 'No Reservations']"
El Michoacano Mexican Restaurant,#NAME?,"['Heath Score: 74 out of 100', 'Offers Takeout', 'No Reservations', 'No Delivery']"
La Cathedral Del Marisco,lCPL4WpRSw49k8R5Y5USKA,"['Heath Score: 88 out of 100', 'Offers Takeout']"
La Hacienda Market,6xAmUN9ls82hIaTA4QefgA,"['Heath Score: 89 out of 100', 'Accepts Credit Cards', 'No Reservations', 'No Delivery']"
De La O Kitchen,A2FbL9YMYozb1Yj4XDG3VA,"['Offers Takeout', 'Staff wears masks', 'Outdoor Seating', 'Offers Catering']"
Mexico Lindo and Delicious,FYk738FSbKAoTb9ZOmylaQ,"['Offers Takeout', 'Accepts Credit Cards', 'No Reservations', 'No Delivery']"
I Love Taco's,V3gIV5HNgL591JGUA6tAOw,"['Classy', 'TV']"
Jack in the Box,QaX19G96mxHRRj3aYpt3vA,"['Heath Score: 89 out of 100', 'Offers Delivery', 'No Reservations', 'No Takeout']"
Taqueria La Tapatia,Td05plgOyVb-cg8dya1WDg,"['Offers Takeout', 'Accepts Credit Cards', 'No Reservations', 'No Delivery']"
Jaliscienses Mexican Restaurant,pvB2Lx_mTGzFjK0ND3SEcw,"['Heath Score: 87 out of 100', 'Offers Delivery', 'Offers Takeout', 'Accepts Credit Cards']"
Taco Bell,Xa-mh9fjX3b-2uo4SwrXCQ,"['Heath Score: 100 out of 100', 'Offers Delivery', 'Offers Takeout', 'No Reservations']"
Jack in the Box,MjzPfmuzBpAEOPPNs6aycQ,"['Heath Score: 75 out of 100', 'Offers Delivery', 'No Reservations', 'No Takeout']"
Casita Vizuet,Hbd2MA37bzJTZ-724k3DRA,[]
Machetes Doña Leova,56UHwwWFy-R8-4WkiQefMw,"['No Delivery', 'Masks required', 'Staff wears masks', 'No Outdoor Seating']"
TaConMaye Mexican Foodtruck,cgDA16Ct2RCfduq_wmKC2A,"['Offers Delivery', 'Offers Takeout', 'Vegan Options', 'No Reservations']"
Taco Fresco,qbdo77Uw6IX7bLn9RhCtcg,"['Offers Takeout', 'Accepts Credit Cards', 'No Reservations', 'No Delivery']"
Taco Bell,sexYEzEBgE2sxgI5InSaDQ,"['Heath Score: 94 out of 100', 'Offers Delivery', 'Offers Takeout', 'No Reservations']"
Chipotle Mexican Grill,U_HRE3_AvtqZPhWC9Lnu_A,"['Heath Score: 96 out of 100', 'Offers Delivery', 'Offers Takeout', 'No Reservations']"
Taqueria La Morena,740_xgv3edBRzSjZYCCuYA,"['No Reservations', 'No Delivery', 'No Takeout', 'Accepts Credit Cards']"
El Secreto De Abuela,71tj2f4RgzV7pvEIVpWQZw,[]
National Taco Championships,TC41V3gSGASkE3eI5aOk9A,[]
Chipotle Mexican Grill,9M7NW9QTuzuCuvLJtZu6AQ,"['Heath Score: 98 out of 100', 'Offers Delivery', 'Offers Takeout', 'No Reservations']"
Mi Lindo Jalisco,riK61dYwFr86fgQLcb7GpQ,['Heath Score: 84 out of 100']
Tellus Joe,XkEtH38Drx9IGb7qiGQaFA,"['Classy', 'Private Lot Parking', 'Free Wi-Fi']"
Taqueria Olivas,IIFGvxPsnCz6dDqGCzo5UA,"['Offers Takeout', 'Outdoor Seating', 'No Reservations', 'Accepts Credit Cards']"
Taqueria Mi Zacazonapan,cszKUtjUYH1cCyS8J2qR5g,[]
Calle Taqueria,n2nSitvA3eUld6ExAx7hzg,"['Offers Delivery', 'Offers Takeout', 'Accepts Credit Cards']"
Taco Bell,HTazXocegk9oZE1W3qB-Bw,"['Heath Score: 100 out of 100', 'Offers Delivery', 'Offers Takeout', 'No Reservations']"
Hot Tacos,rXdg2mutItFwqspo9F4Crw,"['Pescatarian Options', 'Accepts Credit Cards', 'Outdoor Seating', 'Classy']"
Asador,Lvnta0263xAwa6TXdajH1w,"['Heath Score: 94 out of 100', 'Outdoor Seating', 'Classy']"
Que Divino,qg_toF422FIE6lm7rvRMzA,"['Staff wears masks', 'Accepts Credit Cards', 'Outdoor Seating', 'Classy']"
Taco Bell,I2ykwSoFbO5vQCp-rdfsqw,"['Heath Score: 94 out of 100', 'Offers Delivery', 'Offers Takeout', 'No Reservations']"
NuclearTacos,k-Zz72r2O9WfsSF33E4kPw,['Accepts Credit Cards']
Lopez cabrera sabor y Tradicion,A0j3eNH44RA8ZQ0ofaoBqw,"['Offers Delivery', 'Offers Takeout', 'Masks required', 'Staff wears masks']"
Taqueria Mejia,vHLoAklmxy-xO6cHMEaGgQ,"['Offers Takeout', 'Accepts Credit Cards', 'Good for Groups', 'No Delivery']"
Taco 'N Mama,fNTpqhAgwZzVEpTK72Dtqg,"['Heath Score: 88 out of 100', 'Offers Takeout', 'Wheelchair Accessible', 'No Delivery']"
Jack in the Box,5N4bHv9sTm1JsDqhDWz-tA,"['Heath Score: 89 out of 100', 'Offers Delivery', 'No Reservations', 'No Takeout']"
Taco Luna,F0m7xjzhAdcnwR1GI6M2Hg,[]
taco wey,7pg6oY_ph50g72oDOBhA5w,"['Offers Delivery', 'Private Lot Parking']"
Queen's Tacos,-6ZHFbl1Z-4rWBRnKnSSzA,[]
Jack in the Box,gFClISSN6xMn7C4F6l48EA,"['Heath Score: 85 out of 100', 'Offers Delivery', 'No Reservations', 'No Takeout']"
Ta-co. Mex,Utnm8e82ejUjhoLgAPcSZw,"['Offers Takeout', 'Accepts Credit Cards', 'Masks required', 'Staff wears masks']"
Delicious Tamales,Zv79KXQmgJ8k2PYlzkrseg,"['Heath Score: 96 out of 100', 'Offers Delivery', 'Offers Takeout']"
Jack in the Box,5bc9-OLawv-HPNdkuhw4CQ,"['Heath Score: 96 out of 100', 'Offers Delivery', 'No Reservations', 'No Takeout']"
Pelonchas Tacos,oiIN2f4xmqNH_cBvtONnjg,['Private Lot Parking']
Taqueria Tuzantla,Au9YLSCnKh1LQaQe-WkTYw,[]
Jazmin’s Cafe,AFp8LT_ulsXxMmR6INSyNQ,[]
El Rey Del Taco,WEF2KqSulVcdZ0_DtTjqhA,"['Offers Takeout', 'No Reservations', 'No Delivery', 'Accepts Credit Cards']"
Mama'S Tacos,5gLpgxaAuEV5-Rp71jCb6A,"['Offers Takeout', 'No Reservations', 'No Delivery', 'Accepts Credit Cards']"
Jack in the Box,FwWVAykgrFME1jKs2ZmG_Q,"['Heath Score: 95 out of 100', 'Offers Delivery', 'No Reservations', 'No Takeout']"
La Marea Restaurant & Seafood,BeggND7OYM2axemOZ8a5kQ,"['Heath Score: 80 out of 100', 'Offers Delivery', 'Offers Takeout']"
Hacienda Jalisco,6UZKsr0TrsdZ61jwOjIiyA,"['Heath Score: 80 out of 100', 'Takes Reservations', 'Offers Takeout', 'No Delivery']"
Jack in the Box,f9iuZxaxR0MAdXN8rZmtHw,"['Heath Score: 86 out of 100', 'Offers Delivery', 'No Reservations', 'No Takeout']"
Taqueria el Limon,wxS5_J2ODaEq5YapkhLl2A,"['Offers Takeout', 'Moderate Noise']"
Taqueria Chapala #5,CWUKq0K7bUPvRjP_ThPO3g,"['Heath Score: 85 out of 100', 'Offers Delivery', 'Offers Takeout', 'Many Vegetarian Options']"
Taqueria La Sabrosita,qXw2SE8cMG6IBYv4vUzaMg,"['Classy', 'Private Lot Parking']"
La Traila,18zSoq4KOABsj7smMcRsMQ,['TV']
Texican Tacos,HyYw1af7Xjg4e6s5d0cckA,"['Offers Delivery', 'Offers Takeout']"
Jack in the Box,ua7y8bQQn0Wqkshb98toKw,"['Heath Score: 91 out of 100', 'Offers Delivery', 'No Reservations', 'No Takeout']"
Tacos Dolores Hidalgo,VwfipUylCY_9ONMdhConwA,"['No Reservations', 'No Delivery']"
Antojitos La Huastequita,qeGwkuYDMPtsnTSYLhg7Mg,"['Offers Takeout', 'No Reservations', 'No Delivery', 'Accepts Credit Cards']"
Tomgro Grocery,L8GVB38wwTl8edp7cJ_s3w,"['Heath Score: 71 out of 100', 'Accepts Credit Cards', 'No Reservations', 'No Delivery']"
Jack in the Box,ehSTouF01blyKxwIxZQKjw,"['Heath Score: 100 out of 100', 'Accepts Credit Cards', 'No Reservations', 'No Takeout']"
Sabor Veracruz,nomSWwe_7LMbX7K5SVweEA,[]
Have A Taco,wz-0ZhfIzBQml7uJOXdogg,[]
Taqueria Ceibas,bjsJ4-LZLAPg-J8Gx4QWLA,[]
Food Fight Cafe,GIfyiCqGOrgxAXcFTo_cyw,"['Offers Takeout', 'Accepts Credit Cards', 'No Reservations', 'No Delivery']"
El Mana,ORHby9xShOmEFZrb98K4IQ,[]
The Calimex Cafe,WlFV9eqjEm2rGZvqZ1KBUQ,"['Heath Score: 99 out of 100', 'Offers Delivery', 'Offers Takeout', 'No Reservations']"
Queen and King Cafe,zba2el259hSPPeXzOIn-JA,"['Heath Score: 90 out of 100', 'Offers Delivery', 'Offers Takeout', 'All staff fully vaccinated']"
Makenka Hot Truck,YIhfM76HhiV0ivGytuighg,[]
Jack in the Box,t-BuLWziPfOrG6m6B-H46A,"['Heath Score: 100 out of 100', 'Offers Delivery', 'No Reservations', 'No Takeout']"
Variedades Marquez,kry4tYRNfQshObxO5RTrIw,"['Offers Takeout', 'No Delivery', 'Masks required', 'Staff wears masks']"
Envie,YzRvjcwnJTC7OghYRkrjpg,[]
Torres Taqueria #2,c6JCGgY7_qtfNdPjjDjJiw,"['Offers Takeout', 'Accepts Credit Cards', 'No Reservations', 'No Delivery']"
Casa Jaliscienses,CrSMWLz5D6zYXAD0faC0RA,"['Offers Takeout', 'Accepts Credit Cards', 'No Reservations', 'No Delivery']"
Tasty Abe's,s1v-Y3AvB3lZenMZTziyRw,"['Offers Takeout', 'Accepts Credit Cards', 'Outdoor Seating', 'Good for Groups']"
La Terraza,cH3SaBIARFd5p8cm0l1CkA,"['Accepts Credit Cards', 'Classy', 'Good for Groups', 'No Reservations']"
Jack in the Box,l3lTVzvAH-bEligGjItMpg,"['Heath Score: 88 out of 100', 'Offers Delivery', 'No Reservations', 'No Takeout']"
El Kioskito Cakes,jv5zO55fl1smFPh9AgeahA,['Private Lot Parking']
Delicios Luvianos,bLk4DtBJX7nzn68b4fQCbw,[]
Taqueria Piedra Grande,ZIJHt-GaMySdo-g61VIydg,[]
Tortas Tampico 512 ATX,8DwK_6uSAh_vOBLCtg6Tdw,"['Offers Takeout', 'Staff wears masks', 'Accepts Credit Cards', 'Offers Catering']"
Birrieria Lopez Cabrera,eKcARZ3toGFVEPiXjs8ULA,[]
Tres Monarcas,5JflxTdSBwewraRUPmbv8A,[]
Taqueria Jazmin’s Cafe,m4sUoJckNCHed5Xbg3xu2A,['Free Wi-Fi']
Traila Jalicienses,x1bYo3hAw4xN4J82y7774A,"['Offers Takeout', 'No Delivery']"
Taqueria La Guadalupana,6S8RzZTD0ogBDIpL4ZDKUA,"['Offers Takeout', 'Good For Kids']"
Zapata Taqueria,Pi-oEEj3gKSLj1xPn-zvTA,[]
Tacos Morelos,eNIaMmCvfy1zvfjA2SpWbg,['Private Lot Parking']
El Super Taco 3,qxVWTCxUyycZ9EYBG7Rt8g,[]
Pupuseria La Bendicion,y4nbqdGe34nOgwYMnF5Rdg,"['Offers Takeout', 'All staff fully vaccinated', 'Masks required', 'No Delivery']"
Taqueria Guerrero,jMCuYqBGN9hQzas6rc3qog,[]
Chevron,VgBgkyN0Tewdh-6HOzdy_w,"['Offers Takeout', 'Vegan Options', 'No Reservations', 'No Delivery']"
La Chilnguita #2,_UJslut_ioN88sjZyjYVyQ,[]
El Xolo Tacos,1FsOLlVibgpozj2IC6ggyQ,"['Takes Reservations', 'Offers Delivery', 'Offers Takeout', 'Staff wears masks']"
Burrito Mexicano,Iak6u_IQNHpprw9f_fBsdQ,[]
Villanueva Taco Truck,x9VfpXSJt3OdeImUlJjeeA,['Private Lot Parking']
Taco Cabana,S72ahVmIDe-6TyUpE7vAbQ,"['Offers Delivery', 'Offers Takeout', 'Accepts Credit Cards', 'No Reservations']"
Jack in the Box,jatEYw2OYJFHhdwUde9HsA,"['Heath Score: 90 out of 100', 'Offers Delivery', 'No Reservations', 'No Takeout']"
Olél Taco Food Truck,9XrhoStAVfyWJEopnW6T8g,['Private Lot Parking']
Como dijo la Abuela pancha,PgDOyaCDPXTjWZg-pkXrVg,[]
Jack in the Box,_bPDWx6Ygy1IqOvkDyvBCQ,"['Heath Score: 88 out of 100', 'Offers Delivery', 'Offers Takeout', 'Drive-Thru']"
Taco Bell,NSXnHpPI6d7H3fk_6_4b7w,"['Heath Score: 96 out of 100', 'Offers Delivery', 'Offers Takeout', 'No Reservations']"
Jack in the Box,9YFoy5wtSadKTp82bVenWg,"['Heath Score: 92 out of 100', 'Offers Delivery', 'No Reservations', 'No Takeout']"
Taqueria Alayna's,XGVgbgk1RkHplkqpTvPEvQ,"['Offers Takeout', 'No Reservations', 'No Delivery', 'Accepts Credit Cards']"
Takavron,w_ceTxV95Qlf7kve-YfeMA,"['Offers Delivery', 'Offers Takeout', 'Accepts Credit Cards', 'No Reservations']"
ZIKI,nWfjn4x9yRabINqKL5Yaeg,"['Offers Delivery', 'Offers Takeout', 'Accepts Credit Cards', 'Outdoor Seating']"
Tacos al Chile,tvEF6yHTKtuDFpO9YW1fMA,"['Offers Takeout', 'Masks required', 'Staff wears masks', 'Accepts Credit Cards']"
Mary's Tacos,a4Io4jRCjNymOTinZrLoPg,"['Offers Takeout', 'No Delivery', 'Masks required', 'Staff wears masks']"
TAQUERIA  ELITA,30vl5ptGATzdn_w6CIvyDQ,"['Outdoor Seating', 'Accepts Credit Cards']"
La Catedral Del Marisco #3,r845PuF3YhnOHW2H59fxLw,"['Heath Score: 85 out of 100', 'Offers Takeout', 'Accepts Credit Cards', 'No Delivery']"
Pollo Rico #8,6ywwbjMKtlueRpnjSw5y0Q,"['Heath Score: 97 out of 100', 'Offers Delivery', 'Offers Takeout']"
Chipotle Mexican Grill,Hd4FutPgl_Zy47Lhqzrb2Q,"['Heath Score: 98 out of 100', 'Offers Takeout', 'Good For Kids', 'No Delivery']"
El Rapido,UXf-PJp78PuK-b9yu4UyEw,['TV']
Lyly’s Tacos,RwgM8JTc7gWD5etI8sYR9g,[]
Taqueria Piedra Grande,NE7vamI1_E5ijKphjpNSnA,"['Offers Takeout', 'No Reservations', 'No Delivery', 'Accepts Credit Cards']"
Angelitos Tacos,OmwaPDh0K9Q05tx6gJ55hQ,"['Offers Takeout', 'Outdoor Seating', 'Offers Catering']"
The Bakers Rack,xfp_XmXTiwqoZCMtxDfzxg,"['Offers Takeout', 'Accepts Credit Cards', 'Offers Catering', 'Accepts Cryptocurrency']"
Karlita's Tacos,OekgltdIAotY4Xepr5Rd_A,[]
El Tapatio,eAFIa2t3gPNqmW1couP1UA,"['Offers Takeout', 'Accepts Credit Cards', 'No Reservations', 'No Delivery']"
La Llamarada,eKMHL_lMCxXPSLccCYy1CQ,['Private Lot Parking']
Violet Sky Rooftop Lounge,#NAME?,"['Offers Takeout', 'No Delivery', 'Masks required', 'Staff wears masks']"
Taco Flats,ajxnDZZHd6D9HFJsbO5_tQ,[]
Jack in the Box,ehjlyvJD9zVQcA591BJ7GA,"['Heath Score: 91 out of 100', 'Offers Delivery', 'Accepts Credit Cards', 'No Takeout']"
Taquería La Luna,mIovyOEWUAnf2qiChk1klQ,[]
Amorcito Taqueria 2,DKfTvXgkETrJSjnIBXgRmQ,"['Offers Delivery', 'Offers Takeout', 'Staff wears masks', 'Masks required']"
El Buen Sazon Michoacano,rodbcjc3_cMTpY6QyCyi8g,['Private Lot Parking']
Taqueria La Chiapaneca,UKL5-Mmu44XGMOyHQsysZg,"['Offers Delivery', 'Offers Takeout', 'Staff wears masks', 'No Reservations']"
Casa Jaliscienses,oSyVDd4cmus72-p9EaP0WA,"['Good for Groups', 'Full Bar']"
Taqueria Monterrey,Qk7U5cTPEn7Co1Z7xpx1kg,[]
El Mango Feliz,WWgPmdYLTHl_XrqrpA4zVQ,"['Offers Delivery', 'Offers Takeout', 'All staff fully vaccinated', 'Masks required']"
Taqueria Chelo,v18PtZkFHeOWLaXRmB6wDg,"['Offers Takeout', 'Accepts Credit Cards', 'TV', 'No Delivery']"
Ley's Tacos,DfwyzeN03FzMqI5CEl_U2Q,"['Outdoor Seating', 'Private Lot Parking', 'Accepts Credit Cards', 'Not Good For Groups']"
Taquria El Laurel,EeYk9bxByqwW_ZI5tX-h0Q,"['TV', 'Not Good For Groups', 'No Wi-Fi']"
Victorina's Food,0KIz6FvVASKq-COc_nLsQQ,"['Offers Delivery', 'Offers Takeout', 'Accepts Credit Cards', 'Outdoor Seating']"
Mariscos Mazatlan Taqueria Mi Tierra,Y_Yn5iePzdnEAUat6xPrDA,['Classy']
Pinches Tacos,nAIyrmWFktRCbrm6_Z7oCg,"['Offers Takeout', 'No Delivery', 'Masks required', 'Staff wears masks']"
Tacos Lucy,uPd4n_EixQzCqdNVDkA3Bw,[]
Loading Zone Grill,I7nnR0tiamAZoxyexVE3Mw,['Classy']
Taqueria Las Niñas,bu_BrScF9S5i2_cQCEp6Aw,[]
Taqueria la Guera #2,x7WPRQVWt0YkVtFV8sJRAA,[]
Taqueria Las Chismosas,BBSOSGcnlqn8fK4etP2IZA,[]
Tacos Vallecito,1Y14sPiDAT0Pm9A_EEeJnw,[]
IBM Cafeteria,NGYrEfaPyLhRvQvooa1cuQ,[]
Lada Ladies,dwzI6ZeF4s0M-A98KDooCQ,"['Takes Reservations', 'Many Vegetarian Options', 'No Delivery', 'No Takeout']"
La Poblanita,DKmeEvHuluHB0ufxsARqwg,[]
Taqueria Rogel,9z81cnOp9FnBSm9fNl4JPA,[]
Wicked Kitchen,clR1JT0d4g7v0fKfacWOjQ,[]
Airport Xpress Market,hQcwLyoNALi81GFt5RazDQ,"['Heath Score: 76 out of 100', 'No Reservations', 'No Delivery', 'No Takeout']"
Man vs Fries,8X2xJI24oYMBgR-wf6ZKCw,['Offers Delivery']
El-Regio Taqueria,Ghit5oCGZ_ueKxWIck6Fnw,[]
Pollos Asados El Norteno,8SVC9BLwFXyhI7IGUI4KhQ,"['Heath Score: 82 out of 100', 'Offers Takeout', 'No Delivery', 'Masks required']"
Chilangos,rBiEoogWUXOe8SpwwTg68g,[]
Man vs Fries,AYwtNo7Sq0AayJnh7fqoow,['Virtual restaurant']
Las Palmas Mexican Restaurant,x6puecOkFOSqeAhbXBfpgQ,[]
El Pollo Rico,iQkcPT4cQ5Q1FNG-38-37A,[]
El Taco Real,VsQ5NNkNcIStb71_YLtReA,[]
Pfajita Gib,s8b3eLvU0M00ju1Yp9cz6w,"['Offers Delivery', 'Offers Takeout', 'Accepts Credit Cards', 'No Reservations']"
